date,value
1984-01-01,18689
1985-01-01,19708
1986-01-01,18973
1987-01-01,21891
1988-01-01,22132
1989-01-01,23841
1990-01-01,24817
1991-01-01,27540
1992-01-01,27359
1993-01-01,28225
1994-01-01,29889
1995-01-01,29975
1996-01-01,29032
1997-01-01,32299
1998-01-01,32427
1999-01-01,32414
2000-01-01,35941
2001-01-01,37921
2002-01-01,38376
2003-01-01,40140
2004-01-01,45530
2005-01-01,46554
2006-01-01,48646
2007-01-01,50497
2008-01-01,50917
2009-01-01,47692
2010-01-01,47548
2011-01-01,49207
2012-01-01,51405
2013-01-01,48565
2014-01-01,51525
2015-01-01,49841
2016-01-01,68734
2017-01-01,54739
2018-01-01,54989
2019-01-01,60765
2020-01-01,60560