Day,Hectares
2026-01-07,4777.00
2026-01-14,5357.00
2026-01-21,4542.00
2026-01-28,3006.00
2026-02-04,2610.00
2026-02-11,4470.00
2026-02-18,8162.00
2026-02-25,39334.00
2026-03-04,21084.00
2026-03-11,42096.00
2026-03-18,83814.00
2026-03-25,53044.00
2026-04-01,122737.00
2026-04-08,200218.00
2026-04-15,120800.00
2026-04-22,118476.00
2026-04-29,109723.00
2026-05-06,280523.00
2026-05-13,448731.00
2026-05-20,385021.00
2026-05-27,82061.00
2026-06-03,23168.00
2026-06-10,131295.00
2026-06-17,308726.00
2026-06-24,143154.00
2026-07-01,222317.00
2026-07-08,225068.00
2026-07-15,77875.00
2026-07-22,834465.00
2026-07-29,501835.00
2026-08-05,1212241.00
2026-08-12,576972.00
2026-08-19,1009476.00
2026-08-26,953204.00
2026-09-02,291732.00
2026-09-09,192853.00
2026-09-16,105380.00
2026-09-23,78651.00
2026-09-30,49525.00
2026-10-07,52760.00