Park Name,Primary Fur Color
Fort Tryon Park,Gray
Fort Tryon Park,Gray
Fort Tryon Park,Gray
Fort Tryon Park,Gray
Fort Tryon Park,Gray
Fort Tryon Park,Gray
Fort Tryon Park,Gray
Fort Tryon Park,Black
Fort Tryon Park,Gray
Fort Tryon Park,Gray
Fort Tryon Park,Gray
Fort Tryon Park,Gray
J. Hood Wright Park,Gray
J. Hood Wright Park,Gray
J. Hood Wright Park,Gray
J. Hood Wright Park,Gray
J. Hood Wright Park,Gray
J. Hood Wright Park,Gray
J. Hood Wright Park,Gray
J. Hood Wright Park,Gray
J. Hood Wright Park,Gray
J. Hood Wright Park,Gray
J. Hood Wright Park,Gray
J. Hood Wright Park,Gray
J. Hood Wright Park,Gray
J. Hood Wright Park,Gray
J. Hood Wright Park,Gray
J. Hood Wright Park,Gray
J. Hood Wright Park,Gray
J. Hood Wright Park,Gray
J. Hood Wright Park,Gray
J. Hood Wright Park,Gray
J. Hood Wright Park,Gray
J. Hood Wright Park,Gray
J. Hood Wright Park,Gray
J. Hood Wright Park,Cinnamon
Highbridge Park,Gray
Highbridge Park,Gray
Highbridge Park,Gray
Highbridge Park,Gray
Highbridge Park,Gray
Highbridge Park,Gray
Highbridge Park,Gray
Highbridge Park,Gray
Highbridge Park,Gray
Highbridge Park,Gray
Highbridge Park,Gray
Highbridge Park,Gray
Highbridge Park,Gray
Highbridge Park,Gray
Highbridge Park,Gray
Highbridge Park,Gray
St. Nicholas Park,Gray
St. Nicholas Park,Black
St. Nicholas Park,Gray
St. Nicholas Park,Gray
St. Nicholas Park,Gray
St. Nicholas Park,Gray
St. Nicholas Park,Gray
St. Nicholas Park,Gray
St. Nicholas Park,Gray
St. Nicholas Park,Gray
St. Nicholas Park,Black
St. Nicholas Park,Gray
St. Nicholas Park,Gray
St. Nicholas Park,Gray
St. Nicholas Park,Gray
Riverside Park (Section Near Grant Memorial),Gray
Riverside Park (Section Near Grant Memorial),Gray
Riverside Park (Section Near Grant Memorial),Gray
Riverside Park (Section Near Grant Memorial),Gray
Riverside Park (Section Near Grant Memorial),Gray
Riverside Park (Section Near Grant Memorial),Gray
Riverside Park (Section Near Grant Memorial),Gray
Riverside Park (Section Near Grant Memorial),Gray
Riverside Park (Section Near Grant Memorial),Gray
Riverside Park (Section Near Grant Memorial),Gray
Riverside Park (Section Near Grant Memorial),Gray
Riverside Park (Section Near Grant Memorial),Gray
Riverside Park (Section Near Grant Memorial),Gray
Riverside Park (Section Near Grant Memorial),Gray
Riverside Park (Section Near Grant Memorial),Gray
Riverside Park (Section Near Grant Memorial),Gray
Riverside Park (Section Near Grant Memorial),Gray
Riverside Park (Section Near Grant Memorial),Gray
Riverside Park (Section Near Grant Memorial),Gray
Riverside Park (Section Near Grant Memorial),Gray
Riverside Park (Section Near Grant Memorial),Gray
Riverside Park (Section Near Grant Memorial),Gray
Riverside Park (Section Near Grant Memorial),Gray
Riverside Park (Section Near Grant Memorial),Gray
Riverside Park (Section Near Grant Memorial),Gray
Riverside Park (Section Near Grant Memorial),Gray
Riverside Park (Section Near Grant Memorial),Gray
Riverside Park (Section Near Grant Memorial),Gray
Marcus Garvey Park,Gray
Marcus Garvey Park,Gray
Marcus Garvey Park,Gray
Marcus Garvey Park,Gray
Marcus Garvey Park,Gray
Marcus Garvey Park,Gray
Marcus Garvey Park,Gray
Marcus Garvey Park,Black
Marcus Garvey Park,Gray
Marcus Garvey Park,Gray
Marcus Garvey Park,Gray
Marcus Garvey Park,Gray
Marcus Garvey Park,Gray
Marcus Garvey Park,Gray
Marcus Garvey Park,Gray
Marcus Garvey Park,Gray
Marcus Garvey Park,Gray
Marcus Garvey Park,Gray
Marcus Garvey Park,Gray
Marcus Garvey Park,Gray
Marcus Garvey Park,Gray
Marcus Garvey Park,Gray
Marcus Garvey Park,Gray
Marcus Garvey Park,Gray
Marcus Garvey Park,Gray
Marcus Garvey Park,Gray
Marcus Garvey Park,Gray
Marcus Garvey Park,Gray
Marcus Garvey Park,Gray
Marcus Garvey Park,Gray
Marcus Garvey Park,Gray
Marcus Garvey Park,Gray
Marcus Garvey Park,Black
Marcus Garvey Park,Gray
Madison Square Park,Gray
Madison Square Park,Gray
Madison Square Park,Gray
Madison Square Park,Gray
Madison Square Park,Gray
Madison Square Park,Gray
Madison Square Park,Gray
Madison Square Park,Gray
Madison Square Park,Gray
Madison Square Park,Gray
Madison Square Park,Gray
Union Square Park,Cinnamon
Union Square Park,Gray
Union Square Park,Cinnamon
Union Square Park,Gray
Union Square Park,Gray
Union Square Park,Gray
Union Square Park,Gray
Union Square Park,Gray
Union Square Park,Gray
Union Square Park,Gray
Union Square Park,Cinnamon
Union Square Park,Gray
Union Square Park,Cinnamon
Union Square Park,Gray
Union Square Park,Gray
Union Square Park,Cinnamon
Stuyvesant Square Park,Gray
Stuyvesant Square Park,Gray
Stuyvesant Square Park,Gray
Stuyvesant Square Park,Gray
Stuyvesant Square Park,Gray
Stuyvesant Square Park,Gray
Stuyvesant Square Park,Gray
Stuyvesant Square Park,Gray
Stuyvesant Square Park,Gray
Stuyvesant Square Park,Gray
Stuyvesant Square Park,Gray
Stuyvesant Square Park,Gray
Stuyvesant Square Park,Gray
Stuyvesant Square Park,Black
Stuyvesant Square Park,Black
Stuyvesant Square Park,Black
Stuyvesant Square Park,Gray
Stuyvesant Square Park,Gray
Stuyvesant Square Park,Black
Stuyvesant Square Park,Gray
Stuyvesant Square Park,Gray
Stuyvesant Square Park,Gray
Stuyvesant Square Park,Gray
Stuyvesant Square Park,Black
Stuyvesant Square Park,Black
Washington Square Park,Gray
Washington Square Park,Gray
Washington Square Park,Gray
Washington Square Park,Gray
Washington Square Park,Gray
Washington Square Park,Gray
Washington Square Park,Gray
Washington Square Park,Gray
Washington Square Park,Gray
Washington Square Park,Gray
Washington Square Park,Gray
Washington Square Park,Gray
Washington Square Park,Gray
Washington Square Park,Gray
Washington Square Park,Gray
Washington Square Park,Gray
Washington Square Park,Gray
Washington Square Park,Gray
Washington Square Park,Gray
Washington Square Park,Gray
Washington Square Park,Gray
Washington Square Park,Gray
Washington Square Park,Gray
Washington Square Park,Gray
Washington Square Park,Gray
Washington Square Park,Gray
Washington Square Park,Gray
Washington Square Park,Gray
Washington Square Park,Gray
Washington Square Park,Gray
Washington Square Park,Gray
Washington Square Park,Gray
Washington Square Park,Gray
Washington Square Park,Gray
Washington Square Park,Gray
Washington Square Park,Gray
Washington Square Park,Gray
Washington Square Park,Gray
Washington Square Park,Gray
Washington Square Park,Gray
Washington Square Park,Gray
Washington Square Park,Gray
Washington Square Park,Gray
Washington Square Park,Gray
Washington Square Park,Gray
Washington Square Park,Gray
Washington Square Park,Gray
Washington Square Park,Gray
Washington Square Park,Gray
Washington Square Park,Gray
Washington Square Park,Gray
Tompkins Square Park,Gray
Tompkins Square Park,Gray
Tompkins Square Park,Black
Tompkins Square Park,Gray
Tompkins Square Park,Gray
Tompkins Square Park,Gray
Tompkins Square Park,Gray
Tompkins Square Park,Gray
Tompkins Square Park,Gray
Tompkins Square Park,Gray
Tompkins Square Park,Gray
Tompkins Square Park,Gray
Tompkins Square Park,Gray
Tompkins Square Park,Gray
Tompkins Square Park,Gray
Tompkins Square Park,Gray
Tompkins Square Park,Gray
Tompkins Square Park,Gray
Tompkins Square Park,Gray
Tompkins Square Park,Gray
Tompkins Square Park,Gray
Tompkins Square Park,Gray
Tompkins Square Park,Gray
Tompkins Square Park,Gray
Tompkins Square Park,Gray
Tompkins Square Park,Gray
Tompkins Square Park,Gray
Tompkins Square Park,Gray
Tompkins Square Park,Gray
Tompkins Square Park,Gray
Tompkins Square Park,Gray
Tompkins Square Park,Gray
Tompkins Square Park,Gray
Tompkins Square Park,Gray
Tompkins Square Park,Gray
Tompkins Square Park,Gray
Tompkins Square Park,Gray
Tompkins Square Park,Gray
Tompkins Square Park,Gray
Tompkins Square Park,Gray
Tompkins Square Park,Gray
Tompkins Square Park,Gray
Tompkins Square Park,Gray
Tompkins Square Park,Gray
Tompkins Square Park,Gray
Tompkins Square Park,Gray
Tompkins Square Park,Gray
Tompkins Square Park,Black
Tompkins Square Park,Black
Tompkins Square Park,Gray
Tompkins Square Park,Black
Tompkins Square Park,Gray
Tompkins Square Park,Gray
Tompkins Square Park,Gray
Tompkins Square Park,Gray
Tompkins Square Park,Gray
Tompkins Square Park,Gray
Tompkins Square Park,Gray
Tompkins Square Park,Gray
John V. Lindsay East River Park,Gray
John V. Lindsay East River Park,Black
John V. Lindsay East River Park,Gray
John V. Lindsay East River Park,Gray
John V. Lindsay East River Park,Gray
John V. Lindsay East River Park,Gray
John V. Lindsay East River Park,Gray
John V. Lindsay East River Park,Gray
John V. Lindsay East River Park,Gray
John V. Lindsay East River Park,Gray
John V. Lindsay East River Park,Gray
John V. Lindsay East River Park,Gray
Seward Park,Gray
Seward Park,Gray
Seward Park,Gray
Seward Park,Gray
Seward Park,Gray
Seward Park,Gray
Seward Park,Gray
Corlears Hook Park,Gray
Corlears Hook Park,Gray
Corlears Hook Park,Gray
Corlears Hook Park,Gray
Corlears Hook Park,Gray
Corlears Hook Park,Gray
Corlears Hook Park,Gray
Corlears Hook Park,Gray
Corlears Hook Park,Gray
Corlears Hook Park,Gray
Corlears Hook Park,Gray
Corlears Hook Park,Gray
Corlears Hook Park,Gray
Corlears Hook Park,Gray
Corlears Hook Park,Gray
Corlears Hook Park,Cinnamon
Columbus Park,Gray
Columbus Park,Gray
Columbus Park,Gray
Columbus Park,Gray
Teardrop Park,Gray
City Hall Park,Gray
City Hall Park,Gray
City Hall Park,Gray
City Hall Park,Gray
City Hall Park,Gray
City Hall Park,Gray
City Hall Park,Gray
City Hall Park,Gray
City Hall Park,Gray
City Hall Park,Gray
City Hall Park,Gray
City Hall Park,Gray
City Hall Park,Gray
City Hall Park,Gray
City Hall Park,Gray
City Hall Park,Gray
City Hall Park,Gray
City Hall Park,Gray
Battery Park,Gray
Battery Park,Gray
Battery Park,Gray
Battery Park,
Battery Park,Gray
Battery Park,Cinnamon
Battery Park,Cinnamon
Battery Park,Gray
Battery Park,Gray
Battery Park,Gray
Battery Park,Gray
Battery Park,Gray
Battery Park,Gray
Battery Park,Gray
Battery Park,Gray
Battery Park,Gray
Battery Park,Gray
Battery Park,Gray
Battery Park,Gray
Battery Park,Cinnamon
Battery Park,Gray
Battery Park,Cinnamon
Battery Park,Gray
Battery Park,Gray
Battery Park,Gray
Battery Park,Gray
Msgr. McGolrick Park,Gray
Msgr. McGolrick Park,Gray
Msgr. McGolrick Park,Gray
Msgr. McGolrick Park,Gray
Msgr. McGolrick Park,Gray
Msgr. McGolrick Park,Gray
Msgr. McGolrick Park,Gray
Msgr. McGolrick Park,Gray
Msgr. McGolrick Park,Gray
Msgr. McGolrick Park,Gray
Msgr. McGolrick Park,Gray
Msgr. McGolrick Park,Gray
Msgr. McGolrick Park,Gray
Msgr. McGolrick Park,Gray
McCarren Park,Cinnamon
McCarren Park,Gray
McCarren Park,Gray
McCarren Park,Gray
McCarren Park,Cinnamon
McCarren Park,Cinnamon
McCarren Park,Cinnamon
McCarren Park,Cinnamon
McCarren Park,Gray
McCarren Park,Gray
McCarren Park,Gray
McCarren Park,Gray
McCarren Park,Gray
McCarren Park,Cinnamon
McCarren Park,Gray
McCarren Park,Cinnamon
McCarren Park,Gray
McCarren Park,Cinnamon
McCarren Park,Cinnamon
McCarren Park,Gray
McCarren Park,Gray
McCarren Park,Gray
McCarren Park,Gray
McCarren Park,Gray
McCarren Park,Gray
McCarren Park,Gray
McCarren Park,Gray
McCarren Park,Gray
McCarren Park,Gray
McCarren Park,Gray
McCarren Park,Cinnamon
McCarren Park,Gray
McCarren Park,Gray
McCarren Park,Cinnamon
McCarren Park,Cinnamon
McCarren Park,Cinnamon
McCarren Park,Gray
McCarren Park,Gray
McCarren Park,Gray
McCarren Park,Cinnamon
McCarren Park,Cinnamon
McCarren Park,Gray
McCarren Park,Gray
McCarren Park,Gray